year,make,model,row,vin
2004,Chevrolet,Silverado 2500Hd,514,1GCHC23U84F137565
1997,Ford,F-150,514,1FTEX18L6VKD71178
2000,Dodge,Grand Caravan,514,1B4GP74L4YB572113
2002,Nissan,Xterra,514,5N1ED28T62C591940
2011,Nissan,Armada,514,5N1BA0ND9BN620316
2005,Dodge,Durango,514,1D4HD58D45F532712
2007,Ford,E-Series,514,1FTNE14W17DA96106
2007,Nissan,Armada,514,5N1BA08A27N708956
1996,Dodge,Ram 1500,514,3B7HF13ZXTG150604
2008,Gmc,Envoy,515,1GKDS13S182247126
2010,Vw,Routan,515,2V4RW3D12AR231313
2008,Chevrolet,Colorado,515,1GCDS13EX88169867
2007,Nissan,Titan,515,1N6BA07A27N212624
2003,Dodge,Ram 1500,515,1D7HA18N23S121391
